ид_канала_данных,тип_инж_системы,тип_датчика,тег_инженерной_системы,название_датчика,ид_объект
90000001,Пожарная охрана,Датчик дыма,900101-1.1.1.,ДД ПК200,900101
90000002,Пожарная охрана,Датчик дыма,900101-1.1.2.,ДД ПК204,900101
90000003,Пожарная охрана,Датчик дыма,900101-1.1.3.,ДД ПК208,900101
90000004,Пожарная охрана,Датчик дыма,900101-1.1.4.,ДД ПК212,900101
90000005,Пожарная охрана,Датчик дыма,900101-1.1.5.,ДД ПК216,900101
90000006,Пожарная охрана,Датчик дыма,900101-1.1.6.,ДД ПК220,900101
90000007,Пожарная охрана,Датчик дыма,900101-1.1.7.,ДД ПК224,900101
90000008,Пожарная охрана,Датчик дыма,900101-1.1.8.,ДД ПК228,900101
90000009,Пожарная охрана,Датчик дыма,900101-1.1.9.,ДД ПК232,900101
90000010,Пожарная охрана,Датчик дыма,900101-1.1.10.,ДД ПК236,900101
90000011,Пожарная охрана,Датчик дыма,900101-1.1.11.,ДД ПК240,900101
90000012,Пожарная охрана,Тепловой датчик,900101-1.1.12.,ТД ПК200,900101
90000013,Пожарная охрана,Тепловой датчик,900101-1.1.13.,ТД ПК204,900101
90000014,Пожарная охрана,Тепловой датчик,900101-1.1.14.,ТД ПК208,900101
90000015,Пожарная охрана,Тепловой датчик,900101-1.1.15.,ТД ПК212,900101
90000016,Пожарная охрана,Тепловой датчик,900101-1.1.16.,ТД ПК216,900101
90000017,Пожарная охрана,Тепловой датчик,900101-1.1.17.,ТД ПК220,900101
90000018,Пожарная охрана,Тепловой датчик,900101-1.1.18.,ТД ПК224,900101
90000019,Пожарная охрана,Тепловой датчик,900101-1.1.19.,ТД ПК228,900101
90000020,Пожарная охрана,Тепловой датчик,900101-1.1.20.,ТД ПК232,900101
90000021,Пожарная охрана,Тепловой датчик,900101-1.1.21.,ТД ПК236,900101
90000022,Пожарная охрана,Тепловой датчик,900101-1.1.22.,ТД ПК240,900101
90000023,Температурная подсистема,Датчик температуры,900101-1.1.23.,Темп. ВШ ПК200,900101
90000024,Температурная подсистема,Датчик температуры,900101-1.1.24.,Темп. ВШ ПК208,900101
90000025,Температурная подсистема,Датчик температуры,900101-1.1.25.,Темп. ВШ ПК216,900101
90000026,Температурная подсистема,Датчик температуры,900101-1.1.26.,Темп. ВШ ПК224,900101
90000027,Температурная подсистема,Датчик температуры,900101-1.1.27.,Темп. ВШ ПК232,900101
90000028,Температурная подсистема,Датчик температуры,900101-1.1.28.,Темп. ВШ ПК240,900101
90000029,Пожарная охрана,Ручной извещатель,900101-1.1.29.,ИПР вход в коллектор,900101
90000030,Пожарная охрана,Состояние УИР-Р,900101-1.1.30.,УИР-Р ПК204,900101
90000031,Пожарная охрана,Состояние УИР-Р,900101-1.1.31.,УИР-Р ПК220,900101
90000032,Пожарная охрана,Состояние УИР-Р,900101-1.1.32.,УИР-Р ПК236,900101
90000033,Охранная подсистема,Состояние охраны,900102-1.2.1.,Охранная зона коллектора,900102
90000034,Охранная подсистема,КД Люк,900102-1.2.2.,КД люк ПК200,900102
90000035,Охранная подсистема,КД Люк,900102-1.2.3.,КД люк ПК220,900102
90000036,Охранная подсистема,КД Люк,900102-1.2.4.,КД люк ПК240,900102
90000037,Охранная подсистема,КД Дверь,900102-1.2.5.,КД дв.отс. ПК204,900102
90000038,Охранная подсистема,КД Дверь,900102-1.2.6.,КД дв.отс. ПК216,900102
90000039,Охранная подсистема,КД Дверь,900102-1.2.7.,КД дв.отс. ПК228,900102
90000040,Охранная подсистема,КД Дверь,900102-1.2.8.,КД дв.отс. ПК236,900102
90000041,Охранная подсистема,Датчик движения,900102-1.2.9.,ОД ПК204,900102
90000042,Охранная подсистема,Датчик движения,900102-1.2.10.,ОД ПК216,900102
90000043,Охранная подсистема,Датчик движения,900102-1.2.11.,ОД ПК228,900102
90000044,Охранная подсистема,Датчик движения,900102-1.2.12.,ОД ПК236,900102
90000045,Охранная подсистема,КД АВ,900102-1.2.13.,КД АВ ПК208,900102
90000046,Охранная подсистема,КД АВ,900102-1.2.14.,КД АВ ПК232,900102
90000047,Газовая охрана,Газовый датчик,900103-1.3.1.,ГАЗ Д1 ПК200,900103
90000048,Газовая охрана,Газовый датчик,900103-1.3.2.,ГАЗ Д2 ПК208,900103
90000049,Газовая охрана,Газовый датчик,900103-1.3.3.,ГАЗ Д3 ПК216,900103
90000050,Газовая охрана,Газовый датчик,900103-1.3.4.,ГАЗ Д4 ПК224,900103
90000051,Газовая охрана,Газовый датчик,900103-1.3.5.,ГАЗ Д5 ПК232,900103
90000052,Газовая охрана,Газовый датчик,900103-1.3.6.,ГАЗ Д6 ПК240,900103
90000053,Диспетчерский контроль,Состояние насоса,900103-1.3.7.,Н1 АНС ПК220,900103
90000054,Диспетчерский контроль,Состояние насоса,900103-1.3.8.,Н2 АНС ПК220,900103
90000055,Диспетчерский контроль,Датчик затопления,900103-1.3.9.,Затопление АНС ПК220,900103
90000056,Диспетчерский контроль,Состояние вентилятора,900103-1.3.10.,В1 ПК204,900103
90000057,Диспетчерский контроль,Состояние вентилятора,900103-1.3.11.,В2 ПК220,900103
90000058,Диспетчерский контроль,Состояние вентилятора,900103-1.3.12.,В3 ПК236,900103
90000059,Диспетчерский контроль,Состояние фазы,900103-1.3.13.,ЩАП Ввод-1 Э/щ ПК220,900103
90000060,Диспетчерский контроль,Состояние фазы,900103-1.3.14.,ЩАП Ввод-2 Э/щ ПК220,900103
90000061,Диагностическая подсистема,ИБП,900103-1.3.15.,ББП ДП,900103
90000062,Пожарная охрана,Датчик дыма,900201-1.1.1.,ДД ПК0,900201
90000063,Пожарная охрана,Датчик дыма,900201-1.1.2.,ДД ПК4,900201
90000064,Пожарная охрана,Датчик дыма,900201-1.1.3.,ДД ПК8,900201
90000065,Пожарная охрана,Датчик дыма,900201-1.1.4.,ДД ПК12,900201
90000066,Пожарная охрана,Датчик дыма,900201-1.1.5.,ДД ПК16,900201
90000067,Пожарная охрана,Датчик дыма,900201-1.1.6.,ДД ПК20,900201
90000068,Пожарная охрана,Датчик дыма,900201-1.1.7.,ДД ПК24,900201
90000069,Пожарная охрана,Датчик дыма,900201-1.1.8.,ДД ПК28,900201
90000070,Пожарная охрана,Датчик дыма,900201-1.1.9.,ДД ПК32,900201
90000071,Пожарная охрана,Датчик дыма,900201-1.1.10.,ДД ПК36,900201
90000072,Пожарная охрана,Датчик дыма,900201-1.1.11.,ДД ПК40,900201
90000073,Пожарная охрана,Тепловой датчик,900201-1.1.12.,ТД ПК0,900201
90000074,Пожарная охрана,Тепловой датчик,900201-1.1.13.,ТД ПК4,900201
90000075,Пожарная охрана,Тепловой датчик,900201-1.1.14.,ТД ПК8,900201
90000076,Пожарная охрана,Тепловой датчик,900201-1.1.15.,ТД ПК12,900201
90000077,Пожарная охрана,Тепловой датчик,900201-1.1.16.,ТД ПК16,900201
90000078,Пожарная охрана,Тепловой датчик,900201-1.1.17.,ТД ПК20,900201
90000079,Пожарная охрана,Тепловой датчик,900201-1.1.18.,ТД ПК24,900201
90000080,Пожарная охрана,Тепловой датчик,900201-1.1.19.,ТД ПК28,900201
90000081,Пожарная охрана,Тепловой датчик,900201-1.1.20.,ТД ПК32,900201
90000082,Пожарная охрана,Тепловой датчик,900201-1.1.21.,ТД ПК36,900201
90000083,Пожарная охрана,Тепловой датчик,900201-1.1.22.,ТД ПК40,900201
90000084,Температурная подсистема,Датчик температуры,900201-1.1.23.,Темп. ВШ ПК0,900201
90000085,Температурная подсистема,Датчик температуры,900201-1.1.24.,Темп. ВШ ПК8,900201
90000086,Температурная подсистема,Датчик температуры,900201-1.1.25.,Темп. ВШ ПК16,900201
90000087,Температурная подсистема,Датчик температуры,900201-1.1.26.,Темп. ВШ ПК24,900201
90000088,Температурная подсистема,Датчик температуры,900201-1.1.27.,Темп. ВШ ПК32,900201
90000089,Температурная подсистема,Датчик температуры,900201-1.1.28.,Темп. ВШ ПК40,900201
90000090,Пожарная охрана,Ручной извещатель,900201-1.1.29.,ИПР вход в коллектор,900201
90000091,Пожарная охрана,Состояние УИР-Р,900201-1.1.30.,УИР-Р ПК4,900201
90000092,Пожарная охрана,Состояние УИР-Р,900201-1.1.31.,УИР-Р ПК20,900201
90000093,Пожарная охрана,Состояние УИР-Р,900201-1.1.32.,УИР-Р ПК36,900201
90000094,Охранная подсистема,Состояние охраны,900202-1.2.1.,Охранная зона коллектора,900202
90000095,Охранная подсистема,КД Люк,900202-1.2.2.,КД люк ПК0,900202
90000096,Охранная подсистема,КД Люк,900202-1.2.3.,КД люк ПК20,900202
90000097,Охранная подсистема,КД Люк,900202-1.2.4.,КД люк ПК40,900202
90000098,Охранная подсистема,КД Дверь,900202-1.2.5.,КД дв.отс. ПК4,900202
90000099,Охранная подсистема,КД Дверь,900202-1.2.6.,КД дв.отс. ПК16,900202
90000100,Охранная подсистема,КД Дверь,900202-1.2.7.,КД дв.отс. ПК28,900202
90000101,Охранная подсистема,КД Дверь,900202-1.2.8.,КД дв.отс. ПК36,900202
90000102,Охранная подсистема,Датчик движения,900202-1.2.9.,ОД ПК4,900202
90000103,Охранная подсистема,Датчик движения,900202-1.2.10.,ОД ПК16,900202
90000104,Охранная подсистема,Датчик движения,900202-1.2.11.,ОД ПК28,900202
90000105,Охранная подсистема,Датчик движения,900202-1.2.12.,ОД ПК36,900202
90000106,Охранная подсистема,КД АВ,900202-1.2.13.,КД АВ ПК8,900202
90000107,Охранная подсистема,КД АВ,900202-1.2.14.,КД АВ ПК32,900202
90000108,Газовая охрана,Газовый датчик,900203-1.3.1.,ГАЗ Д1 ПК0,900203
90000109,Газовая охрана,Газовый датчик,900203-1.3.2.,ГАЗ Д2 ПК8,900203
90000110,Газовая охрана,Газовый датчик,900203-1.3.3.,ГАЗ Д3 ПК16,900203
90000111,Газовая охрана,Газовый датчик,900203-1.3.4.,ГАЗ Д4 ПК24,900203
90000112,Газовая охрана,Газовый датчик,900203-1.3.5.,ГАЗ Д5 ПК32,900203
90000113,Газовая охрана,Газовый датчик,900203-1.3.6.,ГАЗ Д6 ПК40,900203
90000114,Диспетчерский контроль,Состояние насоса,900203-1.3.7.,Н1 АНС ПК20,900203
90000115,Диспетчерский контроль,Состояние насоса,900203-1.3.8.,Н2 АНС ПК20,900203
90000116,Диспетчерский контроль,Датчик затопления,900203-1.3.9.,Затопление АНС ПК20,900203
90000117,Диспетчерский контроль,Состояние вентилятора,900203-1.3.10.,В1 ПК4,900203
90000118,Диспетчерский контроль,Состояние вентилятора,900203-1.3.11.,В2 ПК20,900203
90000119,Диспетчерский контроль,Состояние вентилятора,900203-1.3.12.,В3 ПК36,900203
90000120,Диспетчерский контроль,Состояние фазы,900203-1.3.13.,ЩАП Ввод-1 Э/щ ПК20,900203
90000121,Диспетчерский контроль,Состояние фазы,900203-1.3.14.,ЩАП Ввод-2 Э/щ ПК20,900203
90000122,Диагностическая подсистема,ИБП,900203-1.3.15.,ББП ДП,900203
90000123,Пожарная охрана,Датчик дыма,900301-1.1.1.,ДД ПК60,900301
90000124,Пожарная охрана,Датчик дыма,900301-1.1.2.,ДД ПК64,900301
90000125,Пожарная охрана,Датчик дыма,900301-1.1.3.,ДД ПК68,900301
90000126,Пожарная охрана,Датчик дыма,900301-1.1.4.,ДД ПК72,900301
90000127,Пожарная охрана,Датчик дыма,900301-1.1.5.,ДД ПК76,900301
90000128,Пожарная охрана,Датчик дыма,900301-1.1.6.,ДД ПК80,900301
90000129,Пожарная охрана,Датчик дыма,900301-1.1.7.,ДД ПК84,900301
90000130,Пожарная охрана,Датчик дыма,900301-1.1.8.,ДД ПК88,900301
90000131,Пожарная охрана,Датчик дыма,900301-1.1.9.,ДД ПК92,900301
90000132,Пожарная охрана,Датчик дыма,900301-1.1.10.,ДД ПК96,900301
90000133,Пожарная охрана,Датчик дыма,900301-1.1.11.,ДД ПК100,900301
90000134,Пожарная охрана,Тепловой датчик,900301-1.1.12.,ТД ПК60,900301
90000135,Пожарная охрана,Тепловой датчик,900301-1.1.13.,ТД ПК64,900301
90000136,Пожарная охрана,Тепловой датчик,900301-1.1.14.,ТД ПК68,900301
90000137,Пожарная охрана,Тепловой датчик,900301-1.1.15.,ТД ПК72,900301
90000138,Пожарная охрана,Тепловой датчик,900301-1.1.16.,ТД ПК76,900301
90000139,Пожарная охрана,Тепловой датчик,900301-1.1.17.,ТД ПК80,900301
90000140,Пожарная охрана,Тепловой датчик,900301-1.1.18.,ТД ПК84,900301
90000141,Пожарная охрана,Тепловой датчик,900301-1.1.19.,ТД ПК88,900301
90000142,Пожарная охрана,Тепловой датчик,900301-1.1.20.,ТД ПК92,900301
90000143,Пожарная охрана,Тепловой датчик,900301-1.1.21.,ТД ПК96,900301
90000144,Пожарная охрана,Тепловой датчик,900301-1.1.22.,ТД ПК100,900301
90000145,Температурная подсистема,Датчик температуры,900301-1.1.23.,Темп. ВШ ПК60,900301
90000146,Температурная подсистема,Датчик температуры,900301-1.1.24.,Темп. ВШ ПК68,900301
90000147,Температурная подсистема,Датчик температуры,900301-1.1.25.,Темп. ВШ ПК76,900301
90000148,Температурная подсистема,Датчик температуры,900301-1.1.26.,Темп. ВШ ПК84,900301
90000149,Температурная подсистема,Датчик температуры,900301-1.1.27.,Темп. ВШ ПК92,900301
90000150,Температурная подсистема,Датчик температуры,900301-1.1.28.,Темп. ВШ ПК100,900301
90000151,Пожарная охрана,Ручной извещатель,900301-1.1.29.,ИПР вход в коллектор,900301
90000152,Пожарная охрана,Состояние УИР-Р,900301-1.1.30.,УИР-Р ПК64,900301
90000153,Пожарная охрана,Состояние УИР-Р,900301-1.1.31.,УИР-Р ПК80,900301
90000154,Пожарная охрана,Состояние УИР-Р,900301-1.1.32.,УИР-Р ПК96,900301
90000155,Охранная подсистема,Состояние охраны,900302-1.2.1.,Охранная зона коллектора,900302
90000156,Охранная подсистема,КД Люк,900302-1.2.2.,КД люк ПК60,900302
90000157,Охранная подсистема,КД Люк,900302-1.2.3.,КД люк ПК80,900302
90000158,Охранная подсистема,КД Люк,900302-1.2.4.,КД люк ПК100,900302
90000159,Охранная подсистема,КД Дверь,900302-1.2.5.,КД дв.отс. ПК64,900302
90000160,Охранная подсистема,КД Дверь,900302-1.2.6.,КД дв.отс. ПК76,900302
90000161,Охранная подсистема,КД Дверь,900302-1.2.7.,КД дв.отс. ПК88,900302
90000162,Охранная подсистема,КД Дверь,900302-1.2.8.,КД дв.отс. ПК96,900302
90000163,Охранная подсистема,Датчик движения,900302-1.2.9.,ОД ПК64,900302
90000164,Охранная подсистема,Датчик движения,900302-1.2.10.,ОД ПК76,900302
90000165,Охранная подсистема,Датчик движения,900302-1.2.11.,ОД ПК88,900302
90000166,Охранная подсистема,Датчик движения,900302-1.2.12.,ОД ПК96,900302
90000167,Охранная подсистема,КД АВ,900302-1.2.13.,КД АВ ПК68,900302
90000168,Охранная подсистема,КД АВ,900302-1.2.14.,КД АВ ПК92,900302
90000169,Газовая охрана,Газовый датчик,900303-1.3.1.,ГАЗ Д1 ПК60,900303
90000170,Газовая охрана,Газовый датчик,900303-1.3.2.,ГАЗ Д2 ПК68,900303
90000171,Газовая охрана,Газовый датчик,900303-1.3.3.,ГАЗ Д3 ПК76,900303
90000172,Газовая охрана,Газовый датчик,900303-1.3.4.,ГАЗ Д4 ПК84,900303
90000173,Газовая охрана,Газовый датчик,900303-1.3.5.,ГАЗ Д5 ПК92,900303
90000174,Газовая охрана,Газовый датчик,900303-1.3.6.,ГАЗ Д6 ПК100,900303
90000175,Диспетчерский контроль,Состояние насоса,900303-1.3.7.,Н1 АНС ПК80,900303
90000176,Диспетчерский контроль,Состояние насоса,900303-1.3.8.,Н2 АНС ПК80,900303
90000177,Диспетчерский контроль,Датчик затопления,900303-1.3.9.,Затопление АНС ПК80,900303
90000178,Диспетчерский контроль,Состояние вентилятора,900303-1.3.10.,В1 ПК64,900303
90000179,Диспетчерский контроль,Состояние вентилятора,900303-1.3.11.,В2 ПК80,900303
90000180,Диспетчерский контроль,Состояние вентилятора,900303-1.3.12.,В3 ПК96,900303
90000181,Диспетчерский контроль,Состояние фазы,900303-1.3.13.,ЩАП Ввод-1 Э/щ ПК80,900303
90000182,Диспетчерский контроль,Состояние фазы,900303-1.3.14.,ЩАП Ввод-2 Э/щ ПК80,900303
90000183,Диагностическая подсистема,ИБП,900303-1.3.15.,ББП ДП,900303
