ид_объект,иерархия_уровень,родитель,вид_объекта,диспетчерское_название_объекта
900000,1,,district,Район по эксплуатации
900100,2,900000,controlHouse,объект Мю
900101,3,900100,guardObject,объект Мю ПС
900102,3,900100,guardObject,объект Мю ОС
900103,3,900100,controlHouse,объект Мю ДУ
900200,2,900000,controlHouse,объект Кси
900201,3,900200,guardObject,объект Кси ПС
900202,3,900200,guardObject,объект Кси ОС
900203,3,900200,controlHouse,объект Кси ДУ
900300,2,900000,controlHouse,объект Тау
900301,3,900300,guardObject,объект Тау ПС
900302,3,900300,guardObject,объект Тау ОС
900303,3,900300,controlHouse,объект Тау ДУ
